{
  "HighestNetProfit": 349.25763043478260869565217392,
  "HighestDrawDown": 3263.3051086956521739130434784,
  "DrawDown": 3263.3051086956521739130434784,
  "NetProfit": -2914.0474782608695652173913045,
  "LongGrossProfit": 8705.926500000000000000000000,
  "ShortGrossProfit": 4575.3170869565217391304347825,
  "GrossProfit": 13281.243586956521739130434782,
  "LongGrossLoss": -8135.658478260869565217391305,
  "ShortGrossLoss": -8059.632586956521739130434783,
  "GrossLoss": -16195.291065217391304347826088,
  "ShortPositionCount": 188,
  "LongPositionCount": 234,
  "OpenedPositions": 0,
  "PendingPositions": 0,
  "CancelledPositions": 0,
  "ClosedPositions": 422,
  "LongWins": 95,
  "ShortWins": 50,
  "Wins": 145,
  "LongLosses": 139,
  "ShortLosses": 138,
  "Losses": 277,
  "WinLossRatio": 0.3436018957345971563981042654
}