{"HighestNetProfit":0,"HighestDrawDown":63326.5957100,"DrawDown":63326.5957100,"NetProfit":-63326.5957100,"LongGrossProfit":492.6167050,"ShortGrossProfit":413.1327550,"GrossProfit":905.7494600,"LongGrossLoss":-31931.0455100,"ShortGrossLoss":-32301.2996600,"GrossLoss":-64232.3451700}