{
  "HighestNetProfit": 837.7870760869565217391304347,
  "HighestDrawDown": 7596.7929782608695652173913058,
  "DrawDown": 7596.7929782608695652173913058,
  "NetProfit": -6759.0059021739130434782608711,
  "LongGrossProfit": 10861.372369565217391304347821,
  "ShortGrossProfit": 10632.202206521739130434782607,
  "GrossProfit": 21493.574576086956521739130428,
  "LongGrossLoss": -10204.238663043478260869565217,
  "ShortGrossLoss": -18048.341815217391304347826084,
  "GrossLoss": -28252.580478260869565217391301,
  "ShortPositionCount": 834,
  "LongPositionCount": 701,
  "OpenedPositions": 5,
  "PendingPositions": 0,
  "CancelledPositions": 0,
  "ClosedPositions": 1535,
  "LongWins": 512,
  "ShortWins": 497,
  "Wins": 1009,
  "LongLosses": 189,
  "ShortLosses": 337,
  "Losses": 526,
  "WinLossRatio": 0.6573289902280130293159609121
}