{
    "HighestNetProfit": 433.60234782608695652173913044,
    "HighestDrawDown": 1609.6397826086956521739130434,
    "DrawDown": 1609.6397826086956521739130434,
    "NetProfit": -1176.0374347826086956521739130,
    "LongGrossProfit": 1779.6146521739130434782608694,
    "ShortGrossProfit": 1400.8783043478260869565217392,
    "GrossProfit": 3180.4929565217391304347826086,
    "LongGrossLoss": -2096.9091956521739130434782608,
    "ShortGrossLoss": -2259.6211956521739130434782609,
    "GrossLoss": -4356.5303913043478260869565217,
    "ShortPositionCount": 55,
    "LongPositionCount": 56,
    "OpenedPositions": 0,
    "PendingPositions": 0,
    "CancelledPositions": 0,
    "ClosedPositions": 111
}